code,name
000025,特  力Ａ
000037,深南电A
000066,中国长城
000533,顺钠股份
000623,吉林敖东
000686,东北证券
000801,四川九洲
000815,美利云
000878,云南铜业
000925,众合科技
001219,青岛食品
001313,粤海饲料
001324,长青科技
001387,雪祺电气
002015,协鑫能科
002034,旺能环境
002039,黔源电力
002088,鲁阳节能
002106,莱宝高科
002170,芭田股份
002174,游族网络
002186,全 聚 德
002293,罗莱生活
002331,皖通科技
002334,英威腾
002340,格林美
002446,盛路通信
002508,老板电器
002510,天汽模
002516,旷达科技
002520,日发精机
002577,雷柏科技
002601,龙佰集团
002623,亚玛顿
002633,申科股份
002637,赞宇科技
002722,物产金轮
002777,久远银海
002815,崇达技术
002835,同为股份
002846,英联股份
002856,美芝股份
002918,蒙娜丽莎
002986,宇新股份
002995,天地在线
600021,上海电力
600109,国金证券
600191,华资实业
600192,长城电工
600232,金鹰股份
600237,铜峰电子
600312,平高电气
600350,山东高速
600475,华光环能
600559,老白干酒
600579,中化装备
600737,中粮糖业
600756,浪潮软件
600851,海欣股份
600955,维远股份
600958,东方证券
600996,贵广网络
601001,晋控煤业
601012,隆基绿能
601111,中国国航
601377,兴业证券
601788,光大证券
601881,中国银河
601901,方正证券
603010,万盛股份
603042,华脉科技
603050,科林电气
603055,台华新材
603060,国检集团
603118,共进股份
603125,常青科技
603138,海量数据
603153,上海建科
603212,赛伍技术
603219,富佳股份
603329,上海雅仕
603456,九洲药业
603602,纵横通信
603668,天马科技
603687,大胜达
603855,华荣股份
603856,东宏股份
603885,吉祥航空
603926,铁流股份
603938,三孚股份
603970,中农立华
603985,恒润股份
603993,洛阳钼业
603995,甬金股份
605055,迎丰股份
605066,天正电气
605169,洪通燃气
605180,华生科技
605366,宏柏新材
