code,name
000016,深康佳Ａ
000301,东方盛虹
000590,启迪药业
000686,东北证券
000728,国元证券
000973,佛塑科技
002035,华帝股份
002094,青岛金王
002100,天康生物
002163,海南发展
002500,山西证券
002556,辉隆股份
002631,德尔未来
002644,佛慈制药
002698,博实股份
002736,国信证券
002824,和胜股份
002932,明德生物
003036,泰坦股份
600061,国投资本
600095,湘财股份
600109,国金证券
600123,兰花科创
600143,金发科技
600273,嘉化能源
600352,浙江龙盛
600458,时代新材
600461,洪城环境
600548,深高速
600650,锦江在线
600773,西藏城投
600843,上工申贝
600876,凯盛新能
600918,中泰证券
600965,福成股份
600985,淮北矿业
600999,招商证券
601198,东兴证券
601238,广汽集团
601696,中银证券
601788,光大证券
601827,三峰环境
601990,南京证券
603050,科林电气
603071,物产环能
603128,华贸物流
603187,海容冷链
603210,泰鸿万立
603311,金海高科
603587,地素时尚
603648,畅联股份
603700,宁水集团
603819,神力股份
603855,华荣股份
603890,春秋电子
603915,国茂股份
605077,华康股份
605377,华旺科技
605599,菜百股份
